[{"avatar":null,"name":"李一","gender":"女","age":26,"adress":"上海市","identity":false,"step":1,"maxStep":12,"state":"进展一般","visible":false},{"avatar":null,"name":"王二","gender":"男","age":36,"adress":"广州市","identity":false,"step":2,"maxStep":12,"state":"恢复中","visible":false},{"avatar":null,"name":"赵三","gender":"女","age":40,"adress":"深圳市","identity":false,"step":1,"maxStep":12,"state":"进展一般","visible":false},{"avatar":null,"name":"钱四","gender":"女","age":29,"adress":"成都市","identity":true,"step":3,"maxStep":12,"state":"进展一般","visible":false},{"avatar":null,"name":"孙五","gender":"男","age":31,"adress":"杭州市","identity":true,"step":6,"maxStep":12,"state":"进展一般","visible":true},{"avatar":null,"name":"周六","gender":"女","age":26,"adress":"南京市","identity":false,"step":1,"maxStep":12,"state":"进展一般","visible":false},{"avatar":null,"name":"吴七","gender":"男","age":44,"adress":"天津市","identity":false,"step":1,"maxStep":12,"state":"恢复中","visible":false},{"avatar":null,"name":"郑八","gender":"男","age":50,"adress":"武汉市","identity":true,"step":8,"maxStep":12,"state":"良好","visible":true},{"avatar":null,"name":"冯九","gender":"男","age":20,"adress":"西安市","identity":false,"step":1,"maxStep":12,"state":"进展一般","visible":false},{"avatar":null,"name":"谢石","gender":"女","age":17,"adress":"北京市","identity":true,"step":9,"maxStep":12,"state":"良好","visible":true}]